athlete_id,event_id,run_date,run_number,position,time,time_seconds,age_grade,pb_flag,scrape_timestamp
5672,2,2007-07-14,28,30,34:52,2092,37.00%,,2026-06-27 13:47:52.869134+01
5672,474,2015-11-14,126,91,34:36,2076,37.57%,,2026-06-27 13:47:52.869134+01
5672,674,2016-01-23,123,330,30:42,1842,42.35%,,2026-06-27 13:47:52.869134+01
5672,674,2016-02-20,127,293,32:05,1925,40.52%,,2026-06-27 13:47:52.869134+01
5672,674,2016-02-27,128,289,32:10,1930,40.41%,,2026-06-27 13:47:52.869134+01
5672,674,2016-03-12,130,247,30:39,1839,42.41%,PB,2026-06-27 13:47:52.869134+01
5672,674,2016-03-19,131,251,30:18,1818,42.90%,PB,2026-06-27 13:47:52.869134+01
5672,674,2016-03-26,132,176,29:55,1795,43.45%,PB,2026-06-27 13:47:52.869134+01
5672,674,2016-04-23,136,283,29:27,1767,44.14%,PB,2026-06-27 13:47:52.869134+01
5672,674,2016-04-30,137,246,27:58,1678,46.48%,PB,2026-06-27 13:47:52.869134+01
5672,674,2016-05-21,140,287,28:57,1737,44.91%,,2026-06-27 13:47:52.869134+01
5672,1395,2016-06-04,19,254,29:02,1742,44.78%,,2026-06-27 13:47:52.869134+01
5672,674,2016-06-25,145,240,28:49,1729,45.11%,,2026-06-27 13:47:52.869134+01
5672,674,2016-07-09,147,222,29:12,1752,44.52%,,2026-06-27 13:47:52.869134+01
5672,674,2016-07-16,148,201,29:03,1743,44.75%,,2026-06-27 13:47:52.869134+01
5672,674,2016-10-15,161,362,34:12,2052,38.16%,,2026-06-27 13:47:52.869134+01
5672,674,2016-12-31,172,191,36:01,2161,36.23%,,2026-06-27 13:47:52.869134+01
5672,674,2017-01-07,174,429,34:02,2042,38.34%,,2026-06-27 13:47:52.869134+01
5672,674,2017-01-21,176,410,33:30,2010,38.96%,,2026-06-27 13:47:52.869134+01
5672,674,2017-01-28,177,395,32:44,1964,39.87%,,2026-06-27 13:47:52.869134+01
5672,674,2017-02-18,180,383,32:18,1938,40.40%,,2026-06-27 13:47:52.869134+01
5672,620,2017-02-25,179,138,34:36,2076,37.72%,,2026-06-27 13:47:52.869134+01
5672,56,2017-03-18,326,61,35:00,2100,37.29%,,2026-06-27 13:47:52.869134+01
5672,674,2017-03-25,185,355,31:54,1914,40.91%,,2026-06-27 13:47:52.869134+01
5672,2,2017-04-01,541,416,33:20,2000,39.15%,PB,2026-06-27 13:47:52.869134+01
5672,620,2017-04-08,185,141,33:20,2000,39.15%,PB,2026-06-27 13:47:52.869134+01
5672,191,2017-04-15,282,372,34:00,2040,38.38%,,2026-06-27 13:47:52.869134+01
5672,56,2017-04-22,331,112,38:40,2320,33.75%,,2026-06-27 13:47:52.869134+01
5672,674,2017-04-29,189,344,32:50,1970,39.75%,,2026-06-27 13:47:52.869134+01
5672,674,2017-05-06,190,423,32:26,1946,40.24%,,2026-06-27 13:47:52.869134+01
5672,474,2017-07-01,211,117,35:34,2134,36.69%,,2026-06-27 13:47:52.869134+01
5672,674,2017-08-19,205,396,34:26,2066,37.90%,,2026-06-27 13:47:52.869134+01
5672,674,2017-08-26,206,356,35:08,2108,37.14%,,2026-06-27 13:47:52.869134+01
5672,1,2017-09-02,696,1145,34:03,2043,38.33%,,2026-06-27 13:47:52.869134+01
5672,390,2017-09-23,283,129,32:36,1956,40.24%,,2026-06-27 13:47:52.869134+01
5672,75,2017-10-14,398,199,33:46,2026,38.85%,,2026-06-27 13:47:52.869134+01
5672,343,2017-10-21,299,273,32:25,1945,40.46%,,2026-06-27 13:47:52.869134+01
5672,4,2017-10-28,530,389,33:35,2015,39.06%,,2026-06-27 13:47:52.869134+01
5672,302,2017-11-11,335,58,40:21,2421,32.51%,,2026-06-27 13:47:52.869134+01
5672,674,2017-11-25,217,426,34:16,2056,38.28%,,2026-06-27 13:47:52.869134+01
5672,472,2017-12-02,234,66,32:49,1969,39.97%,,2026-06-27 13:47:52.869134+01
5672,674,2017-12-23,221,236,32:35,1955,40.26%,,2026-06-27 13:47:52.869134+01
5672,674,2017-12-25,222,181,30:53,1853,42.47%,,2026-06-27 13:47:52.869134+01
5672,52,2017-12-30,319,295,32:30,1950,40.36%,,2026-06-27 13:47:52.869134+01
5672,878,2018-01-06,168,31,32:13,1933,40.71%,,2026-06-27 13:47:52.869134+01
5672,25,2018-01-20,312,354,32:25,1945,40.46%,,2026-06-27 13:47:52.869134+01
5672,1,2018-01-27,719,1012,32:18,1938,40.61%,PB,2026-06-27 13:47:52.869134+01
5672,620,2018-02-17,229,135,35:11,2111,37.28%,,2026-06-27 13:47:52.869134+01
5672,300,2018-02-24,317,253,36:03,2163,36.38%,,2026-06-27 13:47:52.869134+01
5672,674,2018-03-10,233,417,35:39,2139,36.79%,,2026-06-27 13:47:52.869134+01
5672,344,2018-03-31,317,216,32:30,1950,40.36%,,2026-06-27 13:47:52.869134+01
5672,190,2018-04-07,401,139,35:30,2130,36.95%,,2026-06-27 13:47:52.869134+01
5672,682,2018-04-21,202,268,36:33,2193,35.89%,,2026-06-27 13:47:52.869134+01
5672,882,2018-04-28,209,265,33:52,2032,38.73%,,2026-06-27 13:47:52.869134+01
5672,551,2018-05-05,264,102,39:54,2394,32.87%,,2026-06-27 13:47:52.869134+01
5672,620,2018-06-16,246,227,36:45,2205,35.69%,,2026-06-27 13:47:52.869134+01
5672,655,2018-07-21,251,333,36:09,2169,36.28%,,2026-06-27 13:47:52.869134+01
5672,440,2018-07-28,291,112,34:40,2080,37.84%,,2026-06-27 13:47:52.869134+01
5672,674,2018-08-11,254,385,33:51,2031,38.75%,,2026-06-27 13:47:52.869134+01
5672,527,2018-08-18,49,85,38:04,2284,34.46%,,2026-06-27 13:47:52.869134+01
5672,674,2018-09-01,257,457,34:27,2067,38.07%,,2026-06-27 13:47:52.869134+01
5672,1312,2018-09-08,153,240,36:17,2177,36.15%,,2026-06-27 13:47:52.869134+01
5672,1868,2018-09-15,22,84,34:54,2094,37.77%,,2026-06-27 13:47:52.869134+01
5672,76,2018-09-29,389,338,36:27,2187,36.17%,,2026-06-27 13:47:52.869134+01
5672,126,2018-10-06,365,336,34:14,2054,38.51%,,2026-06-27 13:47:52.869134+01
5672,1139,2018-10-13,196,39,33:46,2026,39.04%,,2026-06-27 13:47:52.869134+01
5672,389,2018-10-20,335,176,35:49,2149,36.81%,,2026-06-27 13:47:52.869134+01
5672,468,2018-10-27,259,307,34:28,2068,38.25%,,2026-06-27 13:47:52.869134+01
5672,24,2018-11-10,441,413,34:49,2089,37.87%,,2026-06-27 13:47:52.869134+01
5672,403,2018-11-17,322,145,36:30,2190,36.12%,,2026-06-27 13:47:52.869134+01
5672,254,2018-11-24,395,106,33:05,1985,39.85%,,2026-06-27 13:47:52.869134+01
5672,154,2018-12-01,415,160,35:39,2139,36.98%,,2026-06-27 13:47:52.869134+01
5672,133,2018-12-08,378,440,36:29,2189,36.14%,,2026-06-27 13:47:52.869134+01
5672,1945,2018-12-15,32,108,34:03,2043,38.72%,,2026-06-27 13:47:52.869134+01
5672,72,2018-12-22,397,253,35:47,2147,36.84%,,2026-06-27 13:47:52.869134+01
5672,674,2018-12-25,273,254,32:57,1977,40.01%,,2026-06-27 13:47:52.869134+01
5672,674,2018-12-29,274,293,33:04,1984,39.87%,,2026-06-27 13:47:52.869134+01
5672,184,2019-01-01,389,370,35:07,2107,37.54%,,2026-06-27 13:47:52.869134+01
5672,406,2019-01-05,341,62,32:50,1970,40.15%,,2026-06-27 13:47:52.869134+01
5672,391,2019-01-12,339,385,35:16,2116,37.38%,,2026-06-27 13:47:52.869134+01
5672,309,2019-01-19,82,78,37:13,2233,35.42%,,2026-06-27 13:47:52.869134+01
5672,15,2019-01-26,495,180,37:12,2232,35.44%,,2026-06-27 13:47:52.869134+01
5672,191,2019-02-02,372,374,33:36,2016,39.24%,PB,2026-06-27 13:47:52.869134+01
5672,31,2019-02-09,196,174,33:58,2038,38.81%,,2026-06-27 13:47:52.869134+01
5672,2024,2019-02-23,32,24,34:06,2046,38.66%,,2026-06-27 13:47:52.869134+01
5672,1,2019-03-02,778,1117,32:34,1954,40.48%,,2026-06-27 13:47:52.869134+01
5672,581,2019-03-09,129,125,33:10,1990,39.75%,,2026-06-27 13:47:52.869134+01
5672,442,2019-03-16,310,127,34:25,2065,38.31%,,2026-06-27 13:47:52.869134+01
5672,620,2019-03-23,285,219,31:57,1917,41.26%,PB,2026-06-27 13:47:52.869134+01
5672,620,2019-03-30,286,230,31:32,1892,41.81%,PB,2026-06-27 13:47:52.869134+01
5672,1876,2019-04-06,56,118,32:55,1975,40.05%,,2026-06-27 13:47:52.869134+01
5672,72,2019-04-13,412,340,33:55,2035,38.87%,PB,2026-06-27 13:47:52.869134+01
5672,56,2019-04-20,437,87,34:04,2044,38.70%,PB,2026-06-27 13:47:52.869134+01
5672,2259,2019-04-27,5,63,35:22,2122,37.28%,,2026-06-27 13:47:52.869134+01
5672,29,2019-05-11,381,344,33:53,2033,38.91%,,2026-06-27 13:47:52.869134+01
5672,230,2019-05-18,428,210,34:08,2048,38.62%,,2026-06-27 13:47:52.869134+01
5672,674,2019-05-25,295,439,33:00,1980,39.95%,,2026-06-27 13:47:52.869134+01
5672,2314,2019-06-01,5,96,35:10,2110,37.49%,,2026-06-27 13:47:52.869134+01
5672,51,2019-06-08,468,257,31:53,1913,41.35%,,2026-06-27 13:47:52.869134+01
5672,674,2019-06-15,298,506,33:11,1991,39.73%,,2026-06-27 13:47:52.869134+01
5672,450,2019-06-22,285,185,35:03,2103,37.61%,,2026-06-27 13:47:52.869134+01
5672,674,2019-06-29,300,453,34:46,2086,37.92%,,2026-06-27 13:47:52.869134+01
5672,96,2019-07-06,340,400,32:23,1943,40.71%,,2026-06-27 13:47:52.869134+01
5672,674,2019-07-13,302,457,35:20,2120,37.31%,,2026-06-27 13:47:52.869134+01
5672,50,2019-07-20,416,462,37:24,2244,35.25%,,2026-06-27 13:47:52.869134+01
5672,99,2019-07-27,142,118,33:40,2020,39.16%,,2026-06-27 13:47:52.869134+01
5672,674,2019-08-03,305,342,33:08,1988,39.79%,,2026-06-27 13:47:52.869134+01
5672,674,2019-08-10,306,344,32:38,1958,40.40%,,2026-06-27 13:47:52.869134+01
5672,674,2019-08-17,307,421,34:12,2052,38.55%,,2026-06-27 13:47:52.869134+01
5672,27,2019-08-24,499,447,34:22,2062,38.36%,,2026-06-27 13:47:52.869134+01
5672,674,2019-08-31,309,476,35:14,2114,37.42%,,2026-06-27 13:47:52.869134+01
5672,674,2019-09-14,310,465,34:33,2073,38.40%,,2026-06-27 13:47:52.869134+01
5672,275,2019-09-21,226,230,38:58,2338,34.05%,,2026-06-27 13:47:52.869134+01
5672,1006,2019-10-05,179,262,34:27,2067,38.51%,,2026-06-27 13:47:52.869134+01
5672,674,2019-10-26,316,349,34:17,2057,38.70%,,2026-06-27 13:47:52.869134+01
5672,674,2019-11-02,317,229,34:59,2099,37.92%,,2026-06-27 13:47:52.869134+01
5672,2522,2019-11-09,2,196,36:56,2216,35.92%,,2026-06-27 13:47:52.869134+01
5672,1884,2019-11-16,84,60,36:40,2200,36.18%,,2026-06-27 13:47:52.869134+01
5672,674,2020-02-22,332,533,38:18,2298,34.64%,,2026-06-27 13:47:52.869134+01
5672,1882,2020-02-29,90,266,40:10,2410,33.03%,,2026-06-27 13:47:52.869134+01
5672,60,2020-03-07,400,1066,37:39,2259,35.24%,,2026-06-27 13:47:52.869134+01
5672,620,2021-07-24,335,160,41:52,2512,31.89%,,2026-06-27 13:47:52.869134+01
5672,234,2021-08-14,140,42,44:24,2664,30.07%,,2026-06-27 13:47:52.869134+01
5672,620,2021-08-21,339,219,41:02,2462,32.53%,,2026-06-27 13:47:52.869134+01
5672,2051,2021-08-28,86,103,39:32,2372,33.77%,,2026-06-27 13:47:52.869134+01
5672,674,2021-09-04,342,347,39:33,2373,33.75%,,2026-06-27 13:47:52.869134+01
5672,2,2021-09-11,705,465,38:48,2328,34.66%,,2026-06-27 13:47:52.869134+01
5672,620,2021-09-18,343,242,39:01,2341,34.47%,,2026-06-27 13:47:52.869134+01
5672,674,2021-09-25,344,360,40:06,2406,33.54%,,2026-06-27 13:47:52.869134+01
5672,378,2021-10-02,422,118,37:54,2274,35.49%,,2026-06-27 13:47:52.869134+01
5672,2314,2021-10-16,59,39,38:19,2299,35.10%,,2026-06-27 13:47:52.869134+01
5672,2907,2021-10-23,4,191,37:11,2231,36.17%,,2026-06-27 13:47:52.869134+01
5672,674,2021-10-30,349,236,39:43,2383,33.86%,,2026-06-27 13:47:52.869134+01
5672,53,2021-11-06,553,238,39:03,2343,34.44%,,2026-06-27 13:47:52.869134+01
5672,265,2021-11-13,469,231,40:15,2415,33.42%,,2026-06-27 13:47:52.869134+01
5672,44,2021-12-11,527,161,39:08,2348,34.37%,,2026-06-27 13:47:52.869134+01
5672,392,2022-01-01,404,231,39:57,2397,33.67%,,2026-06-27 13:47:52.869134+01
5672,674,2022-01-08,358,416,38:45,2325,34.71%,,2026-06-27 13:47:52.869134+01
5672,19,2022-01-15,602,104,39:58,2398,33.65%,,2026-06-27 13:47:52.869134+01
5672,674,2022-01-22,360,434,39:18,2358,34.22%,,2026-06-27 13:47:52.869134+01
5672,674,2022-01-29,361,458,38:04,2284,35.33%,,2026-06-27 13:47:52.869134+01
5672,2,2022-02-05,725,384,41:22,2482,32.51%,,2026-06-27 13:47:52.869134+01
5672,2968,2022-02-19,7,155,38:49,2329,34.65%,,2026-06-27 13:47:52.869134+01
5672,2352,2022-02-26,64,34,40:17,2417,33.39%,,2026-06-27 13:47:52.869134+01
5672,1882,2022-03-05,119,517,36:58,2218,36.38%,PB,2026-06-27 13:47:52.869134+01
5672,183,2022-03-12,510,195,37:05,2225,36.27%,,2026-06-27 13:47:52.869134+01
5672,241,2022-03-19,509,111,39:08,2348,34.37%,,2026-06-27 13:47:52.869134+01
5672,2204,2022-03-26,93,43,36:20,2180,37.02%,,2026-06-27 13:47:52.869134+01
5672,461,2022-04-02,397,87,36:21,2181,37.00%,,2026-06-27 13:47:52.869134+01
5672,218,2022-04-09,180,98,36:57,2217,36.40%,,2026-06-27 13:47:52.869134+01
5672,1882,2022-04-16,125,354,35:25,2125,37.98%,PB,2026-06-27 13:47:52.869134+01
5672,1882,2022-04-23,126,640,37:04,2224,36.29%,,2026-06-27 13:47:52.869134+01
5672,12,2022-04-30,613,226,41:56,2516,32.07%,,2026-06-27 13:47:52.869134+01
5672,620,2022-05-14,375,256,36:08,2168,37.22%,,2026-06-27 13:47:52.869134+01
5672,620,2022-05-21,376,184,35:22,2122,38.03%,,2026-06-27 13:47:52.869134+01
5672,1876,2022-05-28,140,93,36:12,2172,37.15%,,2026-06-27 13:47:52.869134+01
5672,1882,2022-06-11,131,649,38:13,2293,35.19%,,2026-06-27 13:47:52.869134+01
5672,3035,2022-06-18,9,188,37:37,2257,35.76%,,2026-06-27 13:47:52.869134+01
5672,1882,2022-06-25,133,559,37:08,2228,36.22%,,2026-06-27 13:47:52.869134+01
5672,95,2022-07-02,482,349,36:18,2178,37.05%,,2026-06-27 13:47:52.869134+01
5672,407,2022-07-09,410,234,38:52,2332,34.61%,,2026-06-27 13:47:52.869134+01
5672,1882,2022-07-16,136,497,37:30,2250,35.87%,,2026-06-27 13:47:52.869134+01
5672,518,2022-07-23,294,188,36:57,2217,36.40%,,2026-06-27 13:47:52.869134+01
5672,2886,2022-07-30,47,116,35:08,2108,38.28%,,2026-06-27 13:47:52.869134+01
5672,1882,2022-08-13,140,516,38:57,2337,34.53%,,2026-06-27 13:47:52.869134+01
5672,2719,2022-08-20,55,17,37:15,2235,36.11%,,2026-06-27 13:47:52.869134+01
5672,620,2022-08-27,387,187,35:57,2157,37.41%,,2026-06-27 13:47:52.869134+01
5672,24,2022-09-03,557,384,36:43,2203,36.63%,,2026-06-27 13:47:52.869134+01
5672,373,2022-09-10,435,179,35:14,2114,38.46%,,2026-06-27 13:47:52.869134+01
5672,1109,2022-09-17,321,235,37:13,2233,36.41%,,2026-06-27 13:47:52.869134+01
5672,2,2022-09-24,757,389,37:00,2220,36.62%,,2026-06-27 13:47:52.869134+01
5672,674,2022-10-01,365,422,38:39,2319,35.06%,,2026-06-27 13:47:52.869134+01
5672,620,2022-10-15,393,189,36:36,2196,37.02%,,2026-06-27 13:47:52.869134+01
5672,674,2022-11-05,370,364,35:20,2120,38.35%,,2026-06-27 13:47:52.869134+01
5672,2026,2022-11-12,158,193,35:44,2144,37.92%,,2026-06-27 13:47:52.869134+01
5672,474,2022-11-19,434,158,34:07,2047,39.72%,PB,2026-06-27 13:47:52.869134+01
5672,15,2022-11-26,619,109,35:27,2127,38.22%,PB,2026-06-27 13:47:52.869134+01
5672,191,2022-12-17,500,421,36:57,2217,36.67%,,2026-06-27 13:47:52.869134+01
5672,274,2022-12-24,164,294,34:31,2071,39.26%,,2026-06-27 13:47:52.869134+01
5672,1906,2022-12-25,165,71,35:20,2120,38.35%,,2026-06-27 13:47:52.869134+01
5672,674,2022-12-31,378,305,35:56,2156,37.71%,,2026-06-27 13:47:52.869134+01
5672,343,2023-01-07,496,398,35:10,2110,38.53%,,2026-06-27 13:47:52.869134+01
5672,2894,2023-01-14,70,89,41:36,2496,32.57%,,2026-06-27 13:47:52.869134+01
5672,674,2023-01-21,382,529,35:14,2114,38.46%,,2026-06-27 13:47:52.869134+01
5672,620,2023-01-28,408,234,35:20,2120,38.35%,,2026-06-27 13:47:52.869134+01
5672,1849,2023-02-04,191,231,37:55,2275,35.74%,,2026-06-27 13:47:52.869134+01
5672,674,2023-02-11,385,443,35:11,2111,38.51%,,2026-06-27 13:47:52.869134+01
5672,76,2023-02-18,533,307,34:53,2093,38.84%,PB,2026-06-27 13:47:52.869134+01
5672,3154,2023-02-25,18,53,34:46,2086,38.97%,,2026-06-27 13:47:52.869134+01
5672,3184,2023-03-11,9,111,35:37,2137,38.04%,,2026-06-27 13:47:52.869134+01
5672,814,2023-03-18,399,170,48:12,2892,28.11%,,2026-06-27 13:47:52.869134+01
5672,3163,2023-03-25,22,128,38:48,2328,34.92%,,2026-06-27 13:47:52.869134+01
5672,2481,2023-04-01,109,79,35:57,2157,37.69%,,2026-06-27 13:47:52.869134+01
5672,39,2023-04-08,526,319,34:34,2074,39.20%,,2026-06-27 13:47:52.869134+01
5672,2,2023-04-15,786,339,39:59,2399,33.89%,,2026-06-27 13:47:52.869134+01
5672,674,2023-04-22,394,525,36:05,2165,37.55%,,2026-06-27 13:47:52.869134+01
5672,3,2023-04-29,761,203,35:34,2134,38.10%,,2026-06-27 13:47:52.869134+01
5672,1882,2023-06-10,179,923,39:08,2348,34.63%,,2026-06-27 13:47:52.869134+01
5672,4,2023-06-17,760,355,40:32,2432,33.43%,,2026-06-27 13:47:52.869134+01
5672,1904,2023-06-24,186,225,40:15,2415,33.66%,,2026-06-27 13:47:52.869134+01
5672,75,2023-07-08,617,325,38:38,2318,35.07%,,2026-06-27 13:47:52.869134+01
5672,543,2023-07-15,467,83,38:13,2293,35.46%,,2026-06-27 13:47:52.869134+01
5672,183,2023-07-22,580,262,37:55,2275,35.74%,,2026-06-27 13:47:52.869134+01
5672,406,2023-07-29,509,137,41:28,2488,32.68%,,2026-06-27 13:47:52.869134+01
5672,468,2023-08-05,432,272,37:43,2263,35.93%,,2026-06-27 13:47:52.869134+01
5672,620,2023-08-12,436,229,38:10,2290,35.50%,,2026-06-27 13:47:52.869134+01
5672,674,2023-08-19,411,458,41:03,2463,33.01%,,2026-06-27 13:47:52.869134+01
5672,2,2023-08-26,805,531,41:47,2507,32.43%,,2026-06-27 13:47:52.869134+01
5672,3272,2023-09-02,18,178,39:30,2370,34.30%,,2026-06-27 13:47:52.869134+01
5672,191,2023-09-09,537,447,39:01,2341,34.73%,,2026-06-27 13:47:52.869134+01
5672,183,2023-09-16,588,272,38:29,2309,35.47%,,2026-06-27 13:47:52.869134+01
5672,4,2023-11-04,780,300,39:45,2385,34.34%,,2026-06-27 13:47:52.869134+01
5672,15,2023-11-11,666,142,39:46,2386,34.33%,,2026-06-27 13:47:52.869134+01
5672,31,2023-12-16,378,194,40:55,2455,33.36%,,2026-06-27 13:47:52.869134+01
5672,1395,2023-12-23,335,319,41:11,2471,33.14%,,2026-06-27 13:47:52.869134+01
5672,390,2023-12-30,539,140,42:49,2569,31.88%,,2026-06-27 13:47:52.869134+01
5672,674,2024-01-06,430,747,41:34,2494,32.84%,,2026-06-27 13:47:52.869134+01
5672,191,2024-01-13,557,661,42:10,2530,32.37%,,2026-06-27 13:47:52.869134+01
5672,56,2024-01-20,618,124,38:16,2296,35.67%,,2026-06-27 13:47:52.869134+01
5672,344,2024-01-27,557,784,38:03,2283,35.87%,,2026-06-27 13:47:52.869134+01
5672,363,2024-02-03,383,120,44:36,2676,30.61%,,2026-06-27 13:47:52.869134+01
5672,2968,2024-02-10,105,72,39:55,2395,34.20%,,2026-06-27 13:47:52.869134+01
5672,620,2024-02-17,464,350,39:17,2357,34.75%,,2026-06-27 13:47:52.869134+01
5672,2053,2024-03-02,203,37,38:59,2339,35.01%,,2026-06-27 13:47:52.869134+01
5672,2352,2024-03-09,172,43,44:42,2682,30.54%,,2026-06-27 13:47:52.869134+01
5672,2180,2024-03-16,183,285,39:19,2359,34.72%,,2026-06-27 13:47:52.869134+01
5672,1876,2024-03-23,226,124,40:47,2447,33.47%,,2026-06-27 13:47:52.869134+01
5672,75,2024-03-30,655,246,43:31,2611,31.37%,,2026-06-27 13:47:52.869134+01
5672,931,2024-04-06,411,252,41:35,2495,32.83%,,2026-06-27 13:47:52.869134+01
5672,49,2024-04-13,668,414,40:42,2442,33.54%,,2026-06-27 13:47:52.869134+01
5672,27,2024-04-27,670,703,40:10,2410,33.98%,,2026-06-27 13:47:52.869134+01
5672,133,2024-05-04,580,695,43:50,2630,31.14%,,2026-06-27 13:47:52.869134+01
5672,1,2024-05-11,984,1472,40:16,2416,33.90%,,2026-06-27 13:47:52.869134+01
5672,440,2024-05-18,523,171,42:03,2523,32.46%,,2026-06-27 13:47:52.869134+01
5672,154,2024-05-25,622,408,43:34,2614,31.33%,,2026-06-27 13:47:52.869134+01
5672,2314,2024-06-01,185,58,42:24,2544,32.19%,,2026-06-27 13:47:52.869134+01
5672,392,2024-06-08,520,755,42:03,2523,32.46%,,2026-06-27 13:47:52.869134+01
5672,3184,2024-06-15,74,53,41:58,2518,32.53%,,2026-06-27 13:47:52.869134+01
5672,126,2024-06-22,592,488,41:02,2462,33.27%,,2026-06-27 13:47:52.869134+01
5672,3481,2024-06-29,3,265,43:51,2631,31.13%,,2026-06-27 13:47:52.869134+01
5672,882,2024-07-06,466,273,38:33,2313,35.41%,,2026-06-27 13:47:52.869134+01
5672,1,2024-07-27,995,1312,42:48,2568,31.89%,,2026-06-27 13:47:52.869134+01
5672,422,2024-08-03,336,95,44:57,2697,30.37%,,2026-06-27 13:47:52.869134+01
5672,3163,2024-08-10,96,203,42:12,2532,32.35%,,2026-06-27 13:47:52.869134+01
5672,75,2024-08-17,674,279,40:09,2409,34.00%,,2026-06-27 13:47:52.869134+01
5672,392,2024-08-24,531,378,40:44,2444,33.51%,,2026-06-27 13:47:52.869134+01
5672,1,2024-08-31,1000,4923,42:13,2533,32.33%,,2026-06-27 13:47:52.869134+01
5672,620,2024-09-14,492,337,41:48,2508,32.89%,,2026-06-27 13:47:52.869134+01
5672,218,2024-09-21,311,175,42:39,2559,32.24%,,2026-06-27 13:47:52.869134+01
5672,674,2024-10-05,467,638,42:52,2572,32.08%,,2026-06-27 13:47:52.869134+01
5672,1945,2024-10-12,265,245,41:20,2480,33.27%,,2026-06-27 13:47:52.869134+01
5672,2907,2024-10-19,159,110,41:41,2501,32.99%,,2026-06-27 13:47:52.869134+01
5672,674,2024-10-26,470,570,47:23,2843,29.02%,,2026-06-27 13:47:52.869134+01
5672,294,2024-11-02,603,207,40:44,2444,33.76%,,2026-06-27 13:47:52.869134+01
5672,2180,2024-11-16,216,606,40:17,2417,34.13%,,2026-06-27 13:47:52.869134+01
5672,1868,2024-12-07,228,175,41:27,2487,33.17%,,2026-06-27 13:47:52.869134+01
5672,620,2024-12-21,504,324,41:54,2514,32.82%,,2026-06-27 13:47:52.869134+01
5672,4,2024-12-28,842,390,44:33,2673,30.86%,,2026-06-27 13:47:52.869134+01
5672,3557,2025-01-11,11,1080,40:52,2452,33.65%,,2026-06-27 13:47:52.869134+01
5672,882,2025-01-18,495,479,42:36,2556,32.28%,,2026-06-27 13:47:52.869134+01
5672,2314,2025-01-25,217,70,43:30,2610,31.61%,,2026-06-27 13:47:52.869134+01
5672,3481,2025-02-08,29,117,45:22,2722,30.31%,,2026-06-27 13:47:52.869134+01
5672,133,2025-02-15,620,587,45:06,2706,30.49%,,2026-06-27 13:47:52.869134+01
5672,3590,2025-03-08,12,149,41:59,2519,32.75%,,2026-06-27 13:47:52.869134+01
5672,620,2025-03-22,515,360,42:08,2528,32.63%,,2026-06-27 13:47:52.869134+01
5672,107,2025-03-29,356,133,42:56,2576,32.03%,,2026-06-27 13:47:52.869134+01
5672,191,2025-04-05,620,661,41:32,2492,33.11%,,2026-06-27 13:47:52.869134+01
5672,4,2025-04-12,857,461,43:35,2615,31.55%,,2026-06-27 13:47:52.869134+01
5672,1,2025-04-19,1033,1547,42:14,2534,32.56%,,2026-06-27 13:47:52.869134+01
5672,3614,2025-04-26,14,226,43:28,2608,31.63%,,2026-06-27 13:47:52.869134+01
5672,191,2025-05-10,625,766,46:01,2761,29.88%,,2026-06-27 13:47:52.869134+01
5672,204,2025-05-17,341,112,46:54,2814,29.32%,,2026-06-27 13:47:52.869134+01
5672,674,2025-05-24,499,553,45:24,2724,30.29%,,2026-06-27 13:47:52.869134+01
5672,3557,2025-06-07,31,937,42:18,2538,32.51%,,2026-06-27 13:47:52.869134+01
5672,2995,2025-06-14,160,1214,47:36,2856,28.89%,,2026-06-27 13:47:52.869134+01
5672,674,2025-06-28,504,553,44:51,2691,30.66%,,2026-06-27 13:47:52.869134+01
5672,3557,2025-07-05,33,905,40:53,2453,33.63%,,2026-06-27 13:47:52.869134+01
5672,3,2025-07-12,878,310,41:51,2511,32.86%,,2026-06-27 13:47:52.869134+01
5672,1300,2025-07-19,300,69,42:33,2553,32.31%,,2026-06-27 13:47:52.869134+01
5672,2182,2025-07-26,268,332,43:47,2627,31.40%,,2026-06-27 13:47:52.869134+01
5672,3614,2025-08-02,28,127,43:27,2607,31.65%,PB,2026-06-27 13:47:52.869134+01
5672,674,2025-08-09,510,567,42:33,2553,32.31%,,2026-06-27 13:47:52.869134+01
5672,1,2025-08-16,1050,1438,42:28,2548,32.38%,,2026-06-27 13:47:52.869134+01
5672,3718,2025-08-23,1,459,42:27,2547,32.39%,,2026-06-27 13:47:52.869134+01
5672,674,2025-09-06,514,556,44:11,2651,31.12%,,2026-06-27 13:47:52.869134+01
5672,75,2025-09-20,730,380,42:55,2575,32.27%,,2026-06-27 13:47:52.869134+01
5672,254,2025-09-27,684,116,41:53,2513,33.07%,,2026-06-27 13:47:52.869134+01
5672,45,2025-10-11,474,212,43:32,2612,31.81%,,2026-06-27 13:47:52.869134+01
5672,22,2025-10-18,786,579,42:36,2556,32.51%,,2026-06-27 13:47:52.869134+01
5672,620,2025-11-01,545,386,43:10,2590,32.08%,,2026-06-27 13:47:52.869134+01
5672,2928,2025-11-08,193,83,44:33,2673,31.09%,,2026-06-27 13:47:52.869134+01
5672,125,2025-11-15,385,476,40:51,2451,33.90%,,2026-06-27 13:47:52.869134+01
5672,2180,2025-11-22,261,453,42:05,2525,32.91%,,2026-06-27 13:47:52.869134+01
5672,1245,2025-12-06,478,78,47:30,2850,29.16%,,2026-06-27 13:47:52.869134+01
5672,75,2025-12-13,741,322,43:54,2634,31.55%,,2026-06-27 13:47:52.869134+01
5672,210,2025-12-27,470,299,41:39,2499,33.25%,,2026-06-27 13:47:52.869134+01
5672,191,2026-01-01,659,458,42:04,2524,32.92%,,2026-06-27 13:47:52.869134+01
5672,1316,2026-01-10,455,161,39:47,2387,34.81%,,2026-06-27 13:47:52.869134+01
5672,2993,2026-01-17,204,754,43:09,2589,32.10%,,2026-06-27 13:47:52.869134+01
5672,1031,2026-01-24,521,285,43:38,2618,31.74%,,2026-06-27 13:47:52.869134+01
5672,3801,2026-01-31,8,722,43:10,2590,32.08%,,2026-06-27 13:47:52.869134+01
5672,674,2026-02-07,536,443,44:39,2679,31.02%,,2026-06-27 13:47:52.869134+01
5672,377,2026-02-21,652,532,45:42,2742,30.31%,,2026-06-27 13:47:52.869134+01
5672,3557,2026-02-28,61,1058,41:42,2502,33.21%,,2026-06-27 13:47:52.869134+01
5672,3163,2026-03-07,182,223,42:17,2537,32.76%,,2026-06-27 13:47:52.869134+01
5672,4,2026-03-14,906,572,44:45,2685,30.95%,,2026-06-27 13:47:52.869134+01
5672,1876,2026-03-21,322,139,43:04,2584,32.16%,,2026-06-27 13:47:52.869134+01
5672,674,2026-04-25,546,847,43:35,2615,31.78%,,2026-06-27 13:47:52.869134+01
5672,2253,2026-05-30,305,219,42:00,2520,32.98%,,2026-06-27 13:47:52.869134+01
3087156,620,2017-01-14,174,37,26:39,1599,48.97%,,2026-06-27 13:47:52.869134+01
3087156,674,2017-02-18,180,174,24:15,1455,53.81%,,2026-06-27 13:47:52.869134+01
3087156,620,2017-02-25,179,42,25:58,1558,50.26%,PB,2026-06-27 13:47:52.869134+01
3087156,620,2017-03-04,180,40,25:35,1535,51.01%,PB,2026-06-27 13:47:52.869134+01
3087156,4,2017-03-11,497,164,24:58,1498,52.27%,,2026-06-27 13:47:52.869134+01
3087156,56,2017-03-18,326,13,23:38,1418,55.22%,,2026-06-27 13:47:52.869134+01
3087156,620,2017-03-25,183,30,23:43,1423,55.02%,PB,2026-06-27 13:47:52.869134+01
3087156,2,2017-04-01,541,167,24:27,1467,53.37%,,2026-06-27 13:47:52.869134+01
3087156,620,2017-04-08,185,24,22:33,1353,57.87%,PB,2026-06-27 13:47:52.869134+01
3087156,191,2017-04-15,282,118,23:55,1435,54.56%,,2026-06-27 13:47:52.869134+01
3087156,56,2017-04-22,331,14,22:35,1355,57.79%,PB,2026-06-27 13:47:52.869134+01
3087156,4,2017-05-06,505,308,29:38,1778,44.04%,,2026-06-27 13:47:52.869134+01
3087156,674,2017-05-13,191,151,23:50,1430,54.76%,PB,2026-06-27 13:47:52.869134+01
3087156,620,2017-05-20,191,29,23:25,1405,55.73%,,2026-06-27 13:47:52.869134+01
3087156,620,2017-05-27,192,22,22:56,1376,56.90%,,2026-06-27 13:47:52.869134+01
3087156,4,2017-06-03,509,88,22:47,1367,57.28%,PB,2026-06-27 13:47:52.869134+01
3087156,620,2017-06-10,194,35,24:35,1475,53.08%,,2026-06-27 13:47:52.869134+01
3087156,620,2017-06-17,195,46,24:37,1477,53.01%,,2026-06-27 13:47:52.869134+01
3087156,620,2017-06-24,196,17,22:38,1358,57.66%,,2026-06-27 13:47:52.869134+01
3087156,620,2017-07-01,197,18,22:43,1363,57.45%,,2026-06-27 13:47:52.869134+01
3087156,4,2017-07-08,514,98,25:22,1522,51.45%,,2026-06-27 13:47:52.869134+01
3087156,620,2017-07-15,199,14,22:39,1359,57.62%,,2026-06-27 13:47:52.869134+01
3087156,620,2017-07-22,200,27,22:50,1370,57.15%,,2026-06-27 13:47:52.869134+01
3087156,755,2017-08-05,185,39,24:25,1465,53.45%,,2026-06-27 13:47:52.869134+01
3087156,56,2017-08-12,347,15,22:33,1353,57.87%,PB,2026-06-27 13:47:52.869134+01
3087156,674,2017-08-19,205,81,21:50,1310,59.77%,PB,2026-06-27 13:47:52.869134+01
3087156,674,2017-08-26,206,55,21:12,1272,61.56%,PB,2026-06-27 13:47:52.869134+01
3087156,1,2017-09-02,696,243,22:29,1349,58.04%,,2026-06-27 13:47:52.869134+01
3087156,620,2017-09-09,207,9,21:55,1315,59.54%,PB,2026-06-27 13:47:52.869134+01
3087156,390,2017-09-23,283,31,23:10,1390,56.33%,,2026-06-27 13:47:52.869134+01
3087156,4,2017-09-30,526,54,21:43,1303,60.09%,PB,2026-06-27 13:47:52.869134+01
3087156,1,2017-10-07,701,318,23:00,1380,56.74%,,2026-06-27 13:47:52.869134+01
3087156,75,2017-10-14,398,28,21:32,1292,60.60%,,2026-06-27 13:47:52.869134+01
3087156,343,2017-10-21,299,52,21:41,1301,60.18%,,2026-06-27 13:47:52.869134+01
3087156,312,2017-10-28,270,19,21:49,1309,59.82%,,2026-06-27 13:47:52.869134+01
3087156,620,2017-11-04,214,22,22:40,1360,57.87%,,2026-06-27 13:47:52.869134+01
3087156,302,2017-11-11,335,29,26:27,1587,49.59%,,2026-06-27 13:47:52.869134+01
3087156,56,2017-11-25,362,15,21:57,1317,59.76%,PB,2026-06-27 13:47:52.869134+01
3087156,620,2017-12-02,217,15,22:36,1356,58.04%,,2026-06-27 13:47:52.869134+01
3087156,191,2017-12-16,316,85,23:02,1382,56.95%,PB,2026-06-27 13:47:52.869134+01
3087156,674,2017-12-23,221,49,21:54,1314,59.89%,,2026-06-27 13:47:52.869134+01
3087156,56,2017-12-30,368,9,23:16,1396,56.38%,,2026-06-27 13:47:52.869134+01
3087156,1,2018-01-01,715,229,23:25,1405,56.01%,,2026-06-27 13:47:52.869134+01
3087156,674,2018-01-01,224,112,22:58,1378,57.11%,,2026-06-27 13:47:52.869134+01
3087156,4,2018-01-06,542,117,23:22,1402,56.13%,,2026-06-27 13:47:52.869134+01
3087156,15,2018-01-20,444,24,23:21,1401,56.17%,,2026-06-27 13:47:52.869134+01
3087156,1,2018-01-27,719,135,21:38,1298,60.63%,PB,2026-06-27 13:47:52.869134+01
3087156,620,2018-02-17,229,35,24:00,1440,54.65%,,2026-06-27 13:47:52.869134+01
3087156,300,2018-02-24,317,52,23:18,1398,56.29%,,2026-06-27 13:47:52.869134+01
3087156,674,2018-03-10,233,121,22:53,1373,57.32%,,2026-06-27 13:47:52.869134+01
3087156,674,2018-03-17,234,83,22:25,1345,58.51%,,2026-06-27 13:47:52.869134+01
3087156,1,2018-03-24,727,185,21:53,1313,59.94%,,2026-06-27 13:47:52.869134+01
3087156,344,2018-03-31,317,113,24:23,1463,53.79%,,2026-06-27 13:47:52.869134+01
3087156,1197,2018-04-14,156,43,20:51,1251,62.91%,,2026-06-27 13:47:52.869134+01
3087156,682,2018-04-21,202,33,22:05,1325,59.40%,,2026-06-27 13:47:52.869134+01
3087156,882,2018-04-28,209,49,22:01,1321,59.58%,,2026-06-27 13:47:52.869134+01
3087156,551,2018-05-05,264,19,23:15,1395,56.42%,,2026-06-27 13:47:52.869134+01
3087156,4,2018-05-12,560,62,22:37,1357,58.00%,,2026-06-27 13:47:52.869134+01
3087156,674,2018-05-19,242,81,21:35,1295,60.77%,,2026-06-27 13:47:52.869134+01
3087156,72,2018-05-26,368,56,23:51,1431,55.00%,,2026-06-27 13:47:52.869134+01
3087156,56,2018-06-02,390,20,22:54,1374,57.28%,,2026-06-27 13:47:52.869134+01
3087156,620,2018-06-09,245,39,22:28,1348,58.38%,,2026-06-27 13:47:52.869134+01
3087156,620,2018-06-16,246,31,22:55,1375,57.24%,,2026-06-27 13:47:52.869134+01
3087156,1197,2018-06-23,166,23,21:24,1284,61.29%,,2026-06-27 13:47:52.869134+01
3087156,620,2018-06-30,247,23,23:08,1388,56.70%,,2026-06-27 13:47:52.869134+01
3087156,620,2018-07-07,248,47,23:23,1403,56.09%,,2026-06-27 13:47:52.869134+01
3087156,468,2018-07-14,245,65,22:26,1346,58.47%,,2026-06-27 13:47:52.869134+01
3087156,1395,2018-07-21,126,102,22:16,1336,58.91%,,2026-06-27 13:47:52.869134+01
3087156,440,2018-07-28,291,19,22:11,1331,59.13%,,2026-06-27 13:47:52.869134+01
3087156,527,2018-08-18,49,17,24:22,1462,53.83%,,2026-06-27 13:47:52.869134+01
3087156,204,2018-08-25,57,10,23:33,1413,55.70%,,2026-06-27 13:47:52.869134+01
3087156,1,2018-09-01,750,187,22:05,1325,59.40%,,2026-06-27 13:47:52.869134+01
3087156,1312,2018-09-08,153,34,22:20,1340,58.73%,,2026-06-27 13:47:52.869134+01
3087156,1868,2018-09-15,22,23,21:55,1315,59.85%,,2026-06-27 13:47:52.869134+01
3087156,71,2018-09-22,321,86,23:23,1403,56.09%,,2026-06-27 13:47:52.869134+01
3087156,76,2018-09-29,389,65,21:33,1293,60.87%,,2026-06-27 13:47:52.869134+01
3087156,126,2018-10-06,365,63,22:01,1321,59.58%,,2026-06-27 13:47:52.869134+01
3087156,1139,2018-10-13,196,5,22:30,1350,58.30%,,2026-06-27 13:47:52.869134+01
3087156,389,2018-10-20,335,39,22:54,1374,57.28%,,2026-06-27 13:47:52.869134+01
3087156,620,2018-11-03,264,64,22:40,1360,58.16%,,2026-06-27 13:47:52.869134+01
3087156,24,2018-11-10,441,76,22:39,1359,58.20%,,2026-06-27 13:47:52.869134+01
3087156,403,2018-11-17,322,13,23:07,1387,57.03%,,2026-06-27 13:47:52.869134+01
3087156,254,2018-11-24,395,19,22:13,1333,59.34%,,2026-06-27 13:47:52.869134+01
3087156,154,2018-12-01,415,48,23:13,1393,56.78%,,2026-06-27 13:47:52.869134+01
3087156,133,2018-12-08,378,81,23:47,1427,55.43%,,2026-06-27 13:47:52.869134+01
3087156,1945,2018-12-15,32,20,22:23,1343,58.90%,,2026-06-27 13:47:52.869134+01
3087156,674,2018-12-25,273,70,22:08,1328,59.56%,,2026-06-27 13:47:52.869134+01
3087156,190,2018-12-29,440,59,24:59,1499,52.77%,,2026-06-27 13:47:52.869134+01
3087156,184,2019-01-01,389,70,22:32,1352,58.51%,,2026-06-27 13:47:52.869134+01
3087156,406,2019-01-05,341,11,22:27,1347,58.72%,,2026-06-27 13:47:52.869134+01
3087156,391,2019-01-12,339,76,22:32,1352,58.51%,,2026-06-27 13:47:52.869134+01
3087156,309,2019-01-19,82,7,22:48,1368,57.82%,,2026-06-27 13:47:52.869134+01
3087156,191,2019-02-02,372,97,23:20,1400,56.50%,,2026-06-27 13:47:52.869134+01
3087156,31,2019-02-09,196,59,24:58,1498,52.80%,,2026-06-27 13:47:52.869134+01
3087156,2024,2019-02-23,32,9,24:09,1449,54.59%,,2026-06-27 13:47:52.869134+01
3087156,190,2019-03-02,450,45,24:35,1475,53.63%,PB,2026-06-27 13:47:52.869134+01
3087156,581,2019-03-09,129,16,22:34,1354,58.42%,,2026-06-27 13:47:52.869134+01
3087156,442,2019-03-16,310,21,23:49,1429,55.35%,,2026-06-27 13:47:52.869134+01
3087156,620,2019-03-23,285,31,21:49,1309,60.43%,PB,2026-06-27 13:47:52.869134+01
3087156,620,2019-03-30,286,31,21:46,1306,60.57%,PB,2026-06-27 13:47:52.869134+01
3087156,2295,2019-04-20,3,30,22:10,1330,59.47%,,2026-06-27 13:47:52.869134+01
3087156,2259,2019-04-27,5,18,23:48,1428,55.39%,,2026-06-27 13:47:52.869134+01
3087156,931,2019-05-04,235,55,22:56,1376,57.49%,,2026-06-27 13:47:52.869134+01
3087156,29,2019-05-11,381,38,22:40,1360,58.16%,,2026-06-27 13:47:52.869134+01
3087156,230,2019-05-18,428,46,23:06,1386,57.07%,,2026-06-27 13:47:52.869134+01
3087156,674,2019-05-25,295,93,21:28,1288,61.41%,,2026-06-27 13:47:52.869134+01
3087156,2314,2019-06-01,5,19,22:15,1335,59.25%,,2026-06-27 13:47:52.869134+01
3087156,51,2019-06-08,468,63,21:39,1299,60.89%,,2026-06-27 13:47:52.869134+01
3087156,674,2019-06-15,298,106,21:40,1300,60.85%,,2026-06-27 13:47:52.869134+01
3087156,450,2019-06-22,285,22,22:04,1324,59.74%,,2026-06-27 13:47:52.869134+01
3087156,674,2019-06-29,300,83,21:34,1294,61.13%,,2026-06-27 13:47:52.869134+01
3087156,96,2019-07-06,340,96,22:28,1348,58.68%,,2026-06-27 13:47:52.869134+01
3087156,620,2019-07-13,301,34,22:39,1359,58.20%,,2026-06-27 13:47:52.869134+01
3087156,99,2019-07-27,142,23,22:18,1338,59.12%,,2026-06-27 13:47:52.869134+01
3087156,2253,2019-08-17,26,35,22:56,1376,57.49%,,2026-06-27 13:47:52.869134+01
3087156,27,2019-08-24,499,57,21:38,1298,60.94%,,2026-06-27 13:47:52.869134+01
3087156,620,2019-08-31,307,32,22:02,1322,59.83%,,2026-06-27 13:47:52.869134+01
3087156,620,2019-09-07,308,25,21:43,1303,60.71%,PB,2026-06-27 13:47:52.869134+01
3087156,1876,2019-09-14,78,8,20:47,1247,63.43%,,2026-06-27 13:47:52.869134+01
3087156,275,2019-09-21,226,47,23:11,1391,56.87%,,2026-06-27 13:47:52.869134+01
3087156,1152,2019-09-28,246,32,21:24,1284,61.60%,,2026-06-27 13:47:52.869134+01
3087156,1,2019-10-05,809,168,20:45,1245,63.53%,PB,2026-06-27 13:47:52.869134+01
3087156,932,2019-10-12,268,13,22:40,1360,58.16%,,2026-06-27 13:47:52.869134+01
3087156,126,2019-10-26,421,48,21:50,1310,60.38%,PB,2026-06-27 13:47:52.869134+01
3087156,2522,2019-11-09,2,26,22:37,1357,58.66%,,2026-06-27 13:47:52.869134+01
3087156,620,2019-11-16,316,21,22:13,1333,59.71%,,2026-06-27 13:47:52.869134+01
3087156,22,2019-11-23,547,57,22:48,1368,58.19%,,2026-06-27 13:47:52.869134+01
3087156,282,2019-11-30,377,42,22:32,1352,58.88%,,2026-06-27 13:47:52.869134+01
3087156,620,2019-12-07,319,15,21:21,1281,62.14%,PB,2026-06-27 13:47:52.869134+01
3087156,620,2019-12-14,320,19,22:04,1324,60.12%,,2026-06-27 13:47:52.869134+01
3087156,1109,2019-12-21,247,29,22:33,1353,58.83%,,2026-06-27 13:47:52.869134+01
3087156,39,2019-12-25,423,44,21:43,1303,61.09%,,2026-06-27 13:47:52.869134+01
3087156,125,2019-12-28,148,51,21:50,1310,60.76%,,2026-06-27 13:47:52.869134+01
3087156,620,2020-01-01,323,58,21:48,1308,60.86%,,2026-06-27 13:47:52.869134+01
3087156,2026,2020-01-01,79,86,24:18,1458,54.60%,,2026-06-27 13:47:52.869134+01
3087156,1882,2020-01-04,82,159,22:08,1328,59.94%,,2026-06-27 13:47:52.869134+01
3087156,2446,2020-01-11,17,16,26:20,1580,50.38%,,2026-06-27 13:47:52.869134+01
3087156,620,2020-01-18,326,48,22:39,1359,58.57%,,2026-06-27 13:47:52.869134+01
3087156,1267,2020-01-25,241,12,22:55,1375,57.89%,,2026-06-27 13:47:52.869134+01
3087156,2180,2020-02-01,57,21,21:42,1302,61.14%,,2026-06-27 13:47:52.869134+01
3087156,674,2020-02-08,331,131,22:53,1373,57.98%,,2026-06-27 13:47:52.869134+01
3087156,620,2020-02-15,330,19,21:46,1306,60.95%,,2026-06-27 13:47:52.869134+01
3087156,422,2020-02-22,178,22,24:10,1450,54.90%,,2026-06-27 13:47:52.869134+01
3087156,1882,2020-02-29,90,54,23:13,1393,57.14%,,2026-06-27 13:47:52.869134+01
3087156,60,2020-03-07,400,183,22:28,1348,59.05%,,2026-06-27 13:47:52.869134+01
3087156,620,2021-07-24,335,8,20:55,1255,63.82%,PB,2026-06-27 13:47:52.869134+01
3087156,49,2021-07-31,529,45,21:35,1295,61.85%,,2026-06-27 13:47:52.869134+01
3087156,234,2021-08-14,140,8,23:13,1393,57.50%,,2026-06-27 13:47:52.869134+01
3087156,620,2021-08-21,339,13,20:56,1256,63.77%,,2026-06-27 13:47:52.869134+01
3087156,2051,2021-08-28,86,8,21:56,1316,60.87%,,2026-06-27 13:47:52.869134+01
3087156,4,2021-09-04,666,76,23:38,1418,56.49%,,2026-06-27 13:47:52.869134+01
3087156,620,2021-09-18,343,25,22:17,1337,59.91%,,2026-06-27 13:47:52.869134+01
3087156,674,2021-09-25,344,53,21:11,1271,63.02%,PB,2026-06-27 13:47:52.869134+01
3087156,378,2021-10-02,422,32,23:02,1382,57.96%,,2026-06-27 13:47:52.869134+01
3087156,2578,2021-10-09,21,12,22:28,1348,59.42%,,2026-06-27 13:47:52.869134+01
3087156,2314,2021-10-16,59,2,21:08,1268,63.17%,PB,2026-06-27 13:47:52.869134+01
3087156,2907,2021-10-23,4,46,22:05,1325,60.45%,,2026-06-27 13:47:52.869134+01
3087156,53,2021-11-06,553,20,22:09,1329,60.72%,,2026-06-27 13:47:52.869134+01
3087156,265,2021-11-13,469,36,22:42,1362,59.25%,,2026-06-27 13:47:52.869134+01
3087156,210,2021-11-20,277,26,22:33,1353,59.65%,,2026-06-27 13:47:52.869134+01
3087156,44,2021-12-11,527,27,22:48,1368,58.99%,,2026-06-27 13:47:52.869134+01
3087156,20,2021-12-18,533,23,22:44,1364,59.16%,,2026-06-27 13:47:52.869134+01
3087156,1,2021-12-25,857,410,24:10,1450,55.66%,,2026-06-27 13:47:52.869134+01
3087156,392,2022-01-01,404,27,21:39,1299,62.12%,,2026-06-27 13:47:52.869134+01
3087156,15,2022-01-08,576,13,23:11,1391,58.02%,PB,2026-06-27 13:47:52.869134+01
3087156,19,2022-01-15,602,11,23:06,1386,58.23%,,2026-06-27 13:47:52.869134+01
3087156,15,2022-01-22,578,20,22:20,1340,60.22%,PB,2026-06-27 13:47:52.869134+01
3087156,430,2022-01-29,415,43,22:11,1331,60.63%,,2026-06-27 13:47:52.869134+01
3087156,2084,2022-02-12,93,16,22:38,1358,59.43%,,2026-06-27 13:47:52.869134+01
3087156,2968,2022-02-19,7,23,22:32,1352,59.69%,,2026-06-27 13:47:52.869134+01
3087156,2352,2022-02-26,64,4,23:18,1398,57.73%,,2026-06-27 13:47:52.869134+01
3087156,183,2022-03-12,510,31,22:32,1352,59.69%,,2026-06-27 13:47:52.869134+01
3087156,241,2022-03-19,509,21,23:56,1436,56.20%,,2026-06-27 13:47:52.869134+01
3087156,2993,2022-03-26,7,77,22:25,1345,60.00%,,2026-06-27 13:47:52.869134+01
3087156,461,2022-04-02,397,18,22:58,1378,58.56%,,2026-06-27 13:47:52.869134+01
3087156,218,2022-04-09,180,11,22:38,1358,59.43%,,2026-06-27 13:47:52.869134+01
3087156,274,2022-04-16,132,44,22:18,1338,60.31%,,2026-06-27 13:47:52.869134+01
3087156,620,2022-04-30,373,45,23:01,1381,58.44%,,2026-06-27 13:47:52.869134+01
3087156,620,2022-05-14,375,42,22:43,1363,59.21%,,2026-06-27 13:47:52.869134+01
3087156,620,2022-05-21,376,31,22:56,1376,58.65%,,2026-06-27 13:47:52.869134+01
3087156,1876,2022-05-28,140,7,22:02,1322,61.04%,,2026-06-27 13:47:52.869134+01
3087156,2690,2022-06-04,9,30,24:43,1483,54.42%,,2026-06-27 13:47:52.869134+01
3087156,1876,2022-06-11,142,12,22:12,1332,60.59%,,2026-06-27 13:47:52.869134+01
3087156,3035,2022-06-18,9,47,23:52,1432,56.35%,,2026-06-27 13:47:52.869134+01
3087156,1876,2022-06-25,143,16,22:34,1354,59.60%,,2026-06-27 13:47:52.869134+01
3087156,95,2022-07-02,482,58,22:17,1337,60.36%,,2026-06-27 13:47:52.869134+01
3087156,407,2022-07-09,410,34,22:52,1372,58.82%,,2026-06-27 13:47:52.869134+01
3087156,518,2022-07-23,294,29,22:47,1367,59.03%,,2026-06-27 13:47:52.869134+01
3087156,2886,2022-07-30,47,27,22:18,1338,60.31%,,2026-06-27 13:47:52.869134+01
3087156,2180,2022-08-20,111,42,22:36,1356,59.51%,,2026-06-27 13:47:52.869134+01
3087156,620,2022-08-27,387,33,22:44,1364,59.16%,,2026-06-27 13:47:52.869134+01
3087156,56,2022-09-10,543,21,23:37,1417,56.95%,,2026-06-27 13:47:52.869134+01
3087156,1109,2022-09-17,321,47,23:54,1434,56.28%,,2026-06-27 13:47:52.869134+01
3087156,15,2022-09-24,610,22,23:41,1421,56.79%,,2026-06-27 13:47:52.869134+01
3087156,15,2022-10-01,611,14,23:47,1427,56.55%,,2026-06-27 13:47:52.869134+01
3087156,620,2022-10-08,392,31,23:18,1398,57.73%,,2026-06-27 13:47:52.869134+01
3087156,620,2022-10-15,393,36,23:07,1387,58.18%,,2026-06-27 13:47:52.869134+01
3087156,843,2022-10-22,337,50,23:42,1422,56.75%,,2026-06-27 13:47:52.869134+01
3087156,674,2022-11-05,370,140,23:48,1428,56.93%,,2026-06-27 13:47:52.869134+01
3087156,2026,2022-11-12,158,23,23:27,1407,57.78%,PB,2026-06-27 13:47:52.869134+01
3087156,15,2022-11-26,619,27,24:08,1448,56.15%,,2026-06-27 13:47:52.869134+01
3087156,620,2022-12-24,403,49,23:22,1402,57.99%,,2026-06-27 13:47:52.869134+01
3087156,1,2022-12-25,909,321,22:57,1377,59.04%,,2026-06-27 13:47:52.869134+01
3087156,674,2022-12-31,378,111,23:50,1430,56.85%,,2026-06-27 13:47:52.869134+01
3087156,11,2023-01-07,711,44,24:58,1498,54.27%,,2026-06-27 13:47:52.869134+01
3087156,2894,2023-01-14,70,24,27:06,1626,50.00%,,2026-06-27 13:47:52.869134+01
3087156,2180,2023-01-21,131,54,23:09,1389,58.53%,,2026-06-27 13:47:52.869134+01
3087156,620,2023-01-28,408,43,23:10,1390,58.49%,,2026-06-27 13:47:52.869134+01
3087156,1849,2023-02-04,191,47,24:39,1479,54.97%,,2026-06-27 13:47:52.869134+01
3087156,3154,2023-02-25,18,7,23:58,1438,56.54%,,2026-06-27 13:47:52.869134+01
3087156,3184,2023-03-11,9,19,24:42,1482,54.86%,,2026-06-27 13:47:52.869134+01
3087156,3163,2023-03-25,22,29,23:27,1407,57.78%,,2026-06-27 13:47:52.869134+01
3087156,2481,2023-04-01,109,12,23:33,1413,57.54%,,2026-06-27 13:47:52.869134+01
3087156,3184,2023-04-08,13,13,23:05,1385,58.70%,PB,2026-06-27 13:47:52.869134+01
3087156,2,2023-04-15,786,85,24:52,1492,54.49%,,2026-06-27 13:47:52.869134+01
3087156,674,2023-04-22,394,94,22:43,1363,59.65%,,2026-06-27 13:47:52.869134+01
3087156,3,2023-04-29,761,27,22:59,1379,58.96%,,2026-06-27 13:47:52.869134+01
3087156,814,2023-05-06,406,49,23:09,1389,58.53%,,2026-06-27 13:47:52.869134+01
3087156,2180,2023-05-13,144,53,21:57,1317,61.73%,,2026-06-27 13:47:52.869134+01
3087156,1876,2023-05-20,187,9,22:24,1344,60.49%,,2026-06-27 13:47:52.869134+01
3087156,620,2023-05-27,425,21,22:04,1324,61.40%,,2026-06-27 13:47:52.869134+01
3087156,620,2023-06-03,426,23,22:28,1348,60.31%,,2026-06-27 13:47:52.869134+01
3087156,1882,2023-06-10,179,186,22:59,1379,58.96%,,2026-06-27 13:47:52.869134+01
3087156,1904,2023-06-24,186,51,23:16,1396,58.24%,,2026-06-27 13:47:52.869134+01
3087156,75,2023-07-08,617,77,22:41,1361,59.74%,,2026-06-27 13:47:52.869134+01
3087156,2180,2023-07-15,153,69,23:04,1384,58.74%,,2026-06-27 13:47:52.869134+01
3087156,1876,2023-08-05,198,17,23:15,1395,58.28%,,2026-06-27 13:47:52.869134+01
3087156,2,2023-08-26,805,89,22:50,1370,59.34%,PB,2026-06-27 13:47:52.869134+01
3087156,3272,2023-09-02,18,28,22:31,1351,60.18%,,2026-06-27 13:47:52.869134+01
3087156,191,2023-09-09,537,82,23:57,1437,56.58%,,2026-06-27 13:47:52.869134+01
3087156,2894,2023-09-16,104,26,23:25,1405,57.86%,PB,2026-06-27 13:47:52.869134+01
3087156,2180,2023-09-23,163,60,22:56,1376,59.08%,,2026-06-27 13:47:52.869134+01
3087156,620,2023-10-07,444,43,23:15,1395,58.28%,,2026-06-27 13:47:52.869134+01
3087156,674,2023-10-28,420,169,24:31,1471,55.27%,,2026-06-27 13:47:52.869134+01
3087156,4,2023-11-04,780,68,23:50,1430,57.27%,,2026-06-27 13:47:52.869134+01
3087156,15,2023-11-11,666,24,24:25,1465,55.90%,,2026-06-27 13:47:52.869134+01
3087156,2180,2023-11-25,170,71,22:57,1377,59.48%,,2026-06-27 13:47:52.869134+01
3087156,620,2023-12-02,452,26,23:40,1420,57.68%,,2026-06-27 13:47:52.869134+01
3087156,1,2023-12-09,960,225,24:33,1473,55.60%,,2026-06-27 13:47:52.869134+01
3087156,31,2023-12-16,378,48,23:31,1411,58.04%,PB,2026-06-27 13:47:52.869134+01
3087156,1876,2023-12-23,217,13,25:12,1512,54.17%,,2026-06-27 13:47:52.869134+01
3087156,1197,2023-12-25,380,58,23:23,1403,58.37%,,2026-06-27 13:47:52.869134+01
3087156,390,2023-12-30,539,33,23:37,1417,57.80%,,2026-06-27 13:47:52.869134+01
3087156,1,2024-01-01,965,194,22:39,1359,60.26%,,2026-06-27 13:47:52.869134+01
3087156,2180,2024-01-06,176,104,22:34,1354,60.49%,,2026-06-27 13:47:52.869134+01
3087156,56,2024-01-20,618,20,23:14,1394,58.75%,,2026-06-27 13:47:52.869134+01
3087156,15,2024-01-27,677,33,24:23,1463,55.98%,,2026-06-27 13:47:52.869134+01
3087156,363,2024-02-03,383,25,25:13,1513,54.13%,,2026-06-27 13:47:52.869134+01
3087156,620,2024-02-17,464,51,23:29,1409,58.13%,,2026-06-27 13:47:52.869134+01
3087156,2180,2024-03-16,183,49,22:37,1357,60.35%,,2026-06-27 13:47:52.869134+01
3087156,1876,2024-03-23,226,10,24:56,1496,54.75%,,2026-06-27 13:47:52.869134+01
3087156,75,2024-03-30,655,41,24:51,1491,54.93%,,2026-06-27 13:47:52.869134+01
3087156,931,2024-04-06,411,66,24:43,1483,55.23%,,2026-06-27 13:47:52.869134+01
3087156,49,2024-04-13,668,70,23:38,1418,57.76%,,2026-06-27 13:47:52.869134+01
3087156,2180,2024-04-20,188,93,23:01,1381,59.30%,,2026-06-27 13:47:52.869134+01
3087156,2180,2024-04-27,189,74,22:19,1339,61.17%,,2026-06-27 13:47:52.869134+01
3087156,2180,2024-05-18,192,79,22:46,1366,59.96%,,2026-06-27 13:47:52.869134+01
3087156,2314,2024-06-01,185,13,23:54,1434,57.11%,,2026-06-27 13:47:52.869134+01
3087156,3184,2024-06-15,74,9,24:50,1490,54.97%,,2026-06-27 13:47:52.869134+01
3087156,3481,2024-06-29,3,61,24:28,1468,55.79%,,2026-06-27 13:47:52.869134+01
3087156,2180,2024-07-13,200,63,22:56,1376,59.52%,,2026-06-27 13:47:52.869134+01
3087156,1,2024-07-27,995,318,24:07,1447,56.60%,,2026-06-27 13:47:52.869134+01
3087156,422,2024-08-03,336,22,25:43,1543,53.08%,,2026-06-27 13:47:52.869134+01
3087156,3163,2024-08-10,96,50,23:24,1404,58.33%,PB,2026-06-27 13:47:52.869134+01
3087156,75,2024-08-17,674,49,22:46,1366,59.96%,,2026-06-27 13:47:52.869134+01
3087156,1,2024-08-31,1000,1519,25:43,1543,53.08%,,2026-06-27 13:47:52.869134+01
3087156,2180,2024-09-07,208,86,23:05,1385,59.13%,,2026-06-27 13:47:52.869134+01
3087156,620,2024-09-14,492,57,23:09,1389,58.96%,,2026-06-27 13:47:52.869134+01
3087156,674,2024-10-05,467,136,24:18,1458,56.17%,,2026-06-27 13:47:52.869134+01
3087156,294,2024-11-02,603,68,24:27,1467,56.24%,,2026-06-27 13:47:52.869134+01
3087156,2180,2024-11-16,216,167,24:17,1457,56.62%,,2026-06-27 13:47:52.869134+01
3087156,15,2024-11-30,720,41,25:36,1536,53.71%,,2026-06-27 13:47:52.869134+01
3087156,620,2024-12-21,504,64,24:32,1472,56.05%,,2026-06-27 13:47:52.869134+01
3087156,4,2024-12-28,842,94,24:21,1461,56.47%,,2026-06-27 13:47:52.869134+01
3087156,3557,2025-01-11,11,367,23:49,1429,57.73%,,2026-06-27 13:47:52.869134+01
3087156,2314,2025-01-25,217,19,24:36,1476,55.89%,,2026-06-27 13:47:52.869134+01
3087156,3614,2025-02-08,3,48,26:26,1586,52.02%,,2026-06-27 13:47:52.869134+01
3087156,3614,2025-02-15,4,57,24:44,1484,55.59%,PB,2026-06-27 13:47:52.869134+01
3087156,620,2025-02-22,511,93,26:54,1614,51.12%,,2026-06-27 13:47:52.869134+01
3087156,3614,2025-03-01,6,46,26:29,1589,51.92%,,2026-06-27 13:47:52.869134+01
3087156,620,2025-03-08,513,123,25:58,1558,52.95%,,2026-06-27 13:47:52.869134+01
3087156,620,2025-03-15,514,118,26:58,1618,50.99%,,2026-06-27 13:47:52.869134+01
3087156,620,2025-03-22,515,100,25:09,1509,54.67%,,2026-06-27 13:47:52.869134+01
3087156,191,2025-04-05,620,261,27:08,1628,50.68%,,2026-06-27 13:47:52.869134+01
3087156,4,2025-04-12,857,169,26:37,1597,51.66%,,2026-06-27 13:47:52.869134+01
3087156,3614,2025-04-26,14,33,23:06,1386,59.52%,PB,2026-06-27 13:47:52.869134+01
3087156,3614,2025-05-03,15,16,22:29,1349,61.16%,PB,2026-06-27 13:47:52.869134+01
3087156,191,2025-05-10,625,230,25:39,1539,53.61%,,2026-06-27 13:47:52.869134+01
3087156,620,2025-05-17,523,75,24:19,1459,56.55%,,2026-06-27 13:47:52.869134+01
3087156,3614,2025-05-24,18,23,22:41,1361,60.62%,,2026-06-27 13:47:52.869134+01
3087156,2180,2025-05-31,240,141,24:52,1492,55.29%,,2026-06-27 13:47:52.869134+01
3087156,2180,2025-06-14,242,143,24:27,1467,56.24%,,2026-06-27 13:47:52.869134+01
3087156,620,2025-06-21,527,40,23:53,1433,57.57%,,2026-06-27 13:47:52.869134+01
3087156,3614,2025-06-28,23,18,23:56,1436,57.45%,,2026-06-27 13:47:52.869134+01
3087156,2180,2025-07-12,246,145,25:31,1531,53.89%,,2026-06-27 13:47:52.869134+01
3087156,2182,2025-07-26,268,37,22:23,1343,61.43%,,2026-06-27 13:47:52.869134+01
3087156,3614,2025-08-02,28,11,22:57,1377,59.91%,,2026-06-27 13:47:52.869134+01
3087156,1,2025-08-16,1050,584,25:53,1553,53.12%,,2026-06-27 13:47:52.869134+01
3087156,3614,2025-08-23,31,19,22:52,1372,60.13%,,2026-06-27 13:47:52.869134+01
3087156,2180,2025-08-30,253,56,21:21,1281,64.40%,PB,2026-06-27 13:47:52.869134+01
3087156,81,2025-09-06,635,27,21:31,1291,63.90%,,2026-06-27 13:47:52.869134+01
3087156,2180,2025-09-20,256,84,23:23,1403,58.80%,,2026-06-27 13:47:52.869134+01
3087156,1030,2025-09-27,476,16,21:45,1305,63.22%,,2026-06-27 13:47:52.869134+01
3087156,15,2025-10-04,762,20,22:10,1330,62.03%,PB,2026-06-27 13:47:52.869134+01
3087156,45,2025-10-11,474,24,24:06,1446,57.05%,,2026-06-27 13:47:52.869134+01
3087156,22,2025-10-18,786,28,21:52,1312,62.88%,PB,2026-06-27 13:47:52.869134+01
3087156,3614,2025-10-25,40,7,22:30,1350,61.11%,,2026-06-27 13:47:52.869134+01
3087156,620,2025-11-01,545,83,24:45,1485,55.96%,,2026-06-27 13:47:52.869134+01
3087156,620,2025-11-08,546,14,21:03,1263,65.80%,,2026-06-27 13:47:52.869134+01
3087156,125,2025-11-15,385,80,22:49,1369,60.70%,,2026-06-27 13:47:52.869134+01
3087156,2180,2025-11-22,261,52,21:12,1272,65.33%,PB,2026-06-27 13:47:52.869134+01
3087156,3614,2025-11-29,45,10,24:28,1468,56.61%,,2026-06-27 13:47:52.869134+01
3087156,2993,2025-12-06,197,119,24:04,1444,57.55%,,2026-06-27 13:47:52.869134+01
3087156,75,2025-12-13,741,34,21:18,1278,65.02%,PB,2026-06-27 13:47:52.869134+01
3087156,2993,2025-12-25,200,78,21:33,1293,64.27%,PB,2026-06-27 13:47:52.869134+01
3087156,210,2025-12-27,470,99,25:47,1547,53.72%,,2026-06-27 13:47:52.869134+01
3087156,191,2026-01-01,659,112,24:52,1492,55.70%,,2026-06-27 13:47:52.869134+01
3087156,620,2026-01-10,555,40,23:38,1418,58.60%,,2026-06-27 13:47:52.869134+01
3087156,2993,2026-01-17,204,81,21:04,1264,65.74%,PB,2026-06-27 13:47:52.869134+01
3087156,2180,2026-01-24,269,223,24:28,1468,56.61%,,2026-06-27 13:47:52.869134+01
3087156,3801,2026-01-31,8,115,22:45,1365,60.88%,,2026-06-27 13:47:52.869134+01
3087156,1,2026-02-07,1076,190,23:50,1430,58.11%,,2026-06-27 13:47:52.869134+01
3087156,620,2026-02-14,560,66,24:17,1457,57.04%,,2026-06-27 13:47:52.869134+01
3087156,377,2026-02-21,652,113,25:35,1535,54.14%,,2026-06-27 13:47:52.869134+01
3087156,620,2026-02-28,562,15,21:20,1280,64.92%,,2026-06-27 13:47:52.869134+01
3087156,2180,2026-03-07,272,62,20:54,1254,66.27%,PB,2026-06-27 13:47:52.869134+01
3087156,4,2026-03-14,906,49,21:34,1294,64.22%,PB,2026-06-27 13:47:52.869134+01
3087156,1876,2026-03-21,322,39,26:49,1609,51.65%,,2026-06-27 13:47:52.869134+01
3087156,3614,2026-03-28,59,6,22:09,1329,62.53%,PB,2026-06-27 13:47:52.869134+01
3087156,2180,2026-04-04,276,55,20:42,1242,66.91%,PB,2026-06-27 13:47:52.869134+01
3087156,1876,2026-04-11,325,16,22:14,1334,62.29%,,2026-06-27 13:47:52.869134+01
3087156,3830,2026-04-18,13,123,54:20,3260,25.49%,,2026-06-27 13:47:52.869134+01
3087156,3614,2026-04-25,63,12,22:02,1322,62.86%,PB,2026-06-27 13:47:52.869134+01
3087156,2180,2026-05-02,280,131,23:12,1392,59.70%,,2026-06-27 13:47:52.869134+01
3087156,3614,2026-05-16,66,9,22:29,1349,61.60%,,2026-06-27 13:47:52.869134+01
3087156,911,2026-05-23,563,26,23:08,1388,59.87%,,2026-06-27 13:47:52.869134+01
3087156,2253,2026-05-30,305,19,22:20,1340,62.01%,PB,2026-06-27 13:47:52.869134+01
3087156,2180,2026-06-06,285,50,21:05,1265,65.69%,,2026-06-27 13:47:52.869134+01
3087156,3614,2026-06-13,70,7,22:37,1357,61.24%,,2026-06-27 13:47:52.869134+01
3087156,49,2026-06-20,782,35,21:33,1293,64.27%,PB,2026-06-27 13:47:52.869134+01
5462426,2165,2019-07-06,33,23,21:51,1311,59.19%,,2026-06-27 13:47:52.869134+01
5462426,1211,2019-11-09,230,21,23:06,1386,55.99%,,2026-06-27 13:47:52.869134+01
5462426,674,2020-01-18,328,221,23:30,1410,55.18%,,2026-06-27 13:47:52.869134+01
5462426,343,2023-01-07,496,304,29:42,1782,44.16%,,2026-06-27 13:47:52.869134+01
5462426,24,2023-01-14,576,321,28:58,1738,45.28%,,2026-06-27 13:47:52.869134+01
5462426,48,2023-01-21,319,48,27:23,1643,47.90%,,2026-06-27 13:47:52.869134+01
5462426,3163,2023-01-28,14,121,28:10,1690,46.57%,,2026-06-27 13:47:52.869134+01
5462426,300,2023-02-04,485,145,28:22,1702,46.24%,,2026-06-27 13:47:52.869134+01
5462426,254,2023-02-11,544,47,26:47,1607,48.97%,,2026-06-27 13:47:52.869134+01
5462426,76,2023-02-18,533,198,27:41,1661,47.38%,,2026-06-27 13:47:52.869134+01
5462426,126,2023-02-25,521,184,25:24,1524,51.64%,,2026-06-27 13:47:52.869134+01
5462426,184,2023-03-04,536,82,25:11,1511,52.08%,,2026-06-27 13:47:52.869134+01
5462426,3184,2023-03-11,9,32,26:09,1569,50.16%,,2026-06-27 13:47:52.869134+01
5462426,154,2023-03-18,560,120,26:27,1587,49.59%,,2026-06-27 13:47:52.869134+01
5462426,183,2023-03-25,563,49,24:47,1487,52.93%,,2026-06-27 13:47:52.869134+01
5462426,1,2023-04-01,924,249,24:24,1464,53.76%,,2026-06-27 13:47:52.869134+01
5462426,275,2023-04-08,336,79,24:46,1486,52.96%,,2026-06-27 13:47:52.869134+01
5462426,2896,2023-04-15,82,61,25:58,1558,50.51%,,2026-06-27 13:47:52.869134+01
5462426,29,2023-04-22,513,49,24:11,1451,54.24%,,2026-06-27 13:47:52.869134+01
5462426,461,2023-04-29,450,51,26:54,1614,48.76%,,2026-06-27 13:47:52.869134+01
5462426,44,2023-05-13,599,55,24:44,1484,53.03%,,2026-06-27 13:47:52.869134+01
5462426,51,2023-05-27,602,102,23:42,1422,55.34%,,2026-06-27 13:47:52.869134+01
5462426,1527,2023-06-03,257,46,24:28,1468,53.61%,,2026-06-27 13:47:52.869134+01
5462426,292,2023-06-05,519,102,23:37,1417,55.54%,,2026-06-27 13:47:52.869134+01
5462426,1882,2023-06-10,179,404,26:30,1590,49.50%,,2026-06-27 13:47:52.869134+01
5462426,4,2023-06-17,760,77,23:30,1410,55.82%,,2026-06-27 13:47:52.869134+01
5462426,632,2023-06-24,443,73,23:23,1403,56.09%,,2026-06-27 13:47:52.869134+01
5462426,442,2023-07-01,458,21,23:15,1395,56.42%,,2026-06-27 13:47:52.869134+01
5462426,75,2023-07-08,617,109,23:59,1439,54.69%,,2026-06-27 13:47:52.869134+01
5462426,2051,2023-07-15,178,12,23:57,1437,54.77%,,2026-06-27 13:47:52.869134+01
5462426,68,2023-07-22,630,10,23:04,1384,56.86%,,2026-06-27 13:47:52.869134+01
5462426,406,2023-07-29,509,12,22:31,1351,58.25%,,2026-06-27 13:47:52.869134+01
5462426,468,2023-08-05,432,58,22:06,1326,59.35%,,2026-06-27 13:47:52.869134+01
5462426,620,2023-08-12,436,33,22:46,1366,57.61%,,2026-06-27 13:47:52.869134+01
5462426,1353,2023-08-19,318,168,22:56,1376,57.19%,,2026-06-27 13:47:52.869134+01
5462426,1905,2023-08-26,206,30,24:17,1457,54.02%,,2026-06-27 13:47:52.869134+01
5462426,3272,2023-09-02,18,46,23:37,1417,55.54%,,2026-06-27 13:47:52.869134+01
5462426,682,2023-09-30,413,78,24:19,1459,53.94%,,2026-06-27 13:47:52.869134+01
5462426,2204,2023-10-03,174,21,24:48,1488,52.89%,,2026-06-27 13:47:52.869134+01
5462426,241,2023-10-07,592,40,25:11,1511,52.08%,,2026-06-27 13:47:52.869134+01
5462426,2481,2023-10-14,137,9,24:29,1469,53.57%,,2026-06-27 13:47:52.869134+01
5462426,527,2023-10-21,248,34,26:43,1603,49.10%,,2026-06-27 13:47:52.869134+01
5462426,389,2023-10-28,526,78,25:27,1527,51.54%,,2026-06-27 13:47:52.869134+01
5462426,391,2023-11-04,520,68,25:33,1533,51.34%,,2026-06-27 13:47:52.869134+01
5462426,15,2023-11-11,666,33,25:17,1517,51.88%,,2026-06-27 13:47:52.869134+01
5462426,581,2023-11-18,305,19,24:38,1478,53.52%,,2026-06-27 13:47:52.869134+01
5462426,96,2023-11-25,481,154,23:48,1428,55.39%,,2026-06-27 13:47:52.869134+01
5462426,31,2023-12-16,378,120,29:05,1745,45.33%,,2026-06-27 13:47:52.869134+01
5462426,1395,2023-12-23,335,210,29:27,1767,44.77%,,2026-06-27 13:47:52.869134+01
5462426,1369,2023-12-25,349,85,28:33,1713,46.18%,,2026-06-27 13:47:52.869134+01
5462426,390,2023-12-30,539,77,28:31,1711,46.23%,,2026-06-27 13:47:52.869134+01
5462426,230,2024-01-01,602,83,29:26,1766,44.79%,,2026-06-27 13:47:52.869134+01
5462426,309,2024-01-06,277,22,28:51,1731,45.70%,,2026-06-27 13:47:52.869134+01
5462426,191,2024-01-13,557,242,26:41,1601,49.41%,,2026-06-27 13:47:52.869134+01
5462426,378,2024-01-20,540,26,27:33,1653,47.85%,,2026-06-27 13:47:52.869134+01
5462426,344,2024-01-27,557,409,25:27,1527,51.80%,,2026-06-27 13:47:52.869134+01
5462426,53,2024-02-03,673,100,27:32,1652,47.88%,,2026-06-27 13:47:52.869134+01
5462426,2968,2024-02-10,105,24,25:35,1535,51.53%,,2026-06-27 13:47:52.869134+01
5462426,2510,2024-02-17,141,109,28:08,1688,46.86%,,2026-06-27 13:47:52.869134+01
5462426,190,2024-02-24,643,67,29:29,1769,44.71%,,2026-06-27 13:47:52.869134+01
5462426,2684,2024-03-02,119,45,26:10,1570,50.38%,,2026-06-27 13:47:52.869134+01
5462426,2352,2024-03-09,172,24,27:53,1673,47.28%,,2026-06-27 13:47:52.869134+01
5462426,2180,2024-03-16,183,109,26:43,1603,49.34%,,2026-06-27 13:47:52.869134+01
5462426,1876,2024-03-23,226,34,27:56,1676,47.20%,,2026-06-27 13:47:52.869134+01
5462426,1605,2024-04-13,275,47,28:36,1716,46.10%,,2026-06-27 13:47:52.869134+01
5462426,99,2024-04-20,321,121,27:18,1638,48.29%,,2026-06-27 13:47:52.869134+01
5462426,27,2024-04-27,670,249,25:27,1527,51.80%,,2026-06-27 13:47:52.869134+01
5462426,1839,2024-05-04,226,83,25:27,1527,51.80%,,2026-06-27 13:47:52.869134+01
5462426,3047,2024-05-09,80,80,26:35,1595,49.59%,,2026-06-27 13:47:52.869134+01
5462426,2917,2024-05-11,78,62,27:19,1639,48.26%,,2026-06-27 13:47:52.869134+01
5462426,440,2024-05-18,523,39,25:15,1515,52.21%,,2026-06-27 13:47:52.869134+01
5462426,2185,2024-05-25,208,21,25:56,1556,50.84%,,2026-06-27 13:47:52.869134+01
5462426,3126,2024-06-01,91,19,26:10,1570,50.38%,,2026-06-27 13:47:52.869134+01
5462426,474,2024-06-08,517,128,25:53,1553,50.93%,,2026-06-27 13:47:52.869134+01
5462426,392,2024-08-24,531,250,28:54,1734,45.62%,,2026-06-27 13:47:52.869134+01
5462426,403,2024-08-31,553,92,29:04,1744,45.36%,,2026-06-27 13:47:52.869134+01
5462426,19,2024-09-07,738,83,28:53,1733,45.64%,,2026-06-27 13:47:52.869134+01
5462426,2189,2024-09-14,234,94,32:55,1975,40.05%,,2026-06-27 13:47:52.869134+01
5462426,218,2024-09-21,311,88,28:07,1687,46.89%,,2026-06-27 13:47:52.869134+01
5462426,2719,2024-09-28,164,44,29:24,1764,44.84%,,2026-06-27 13:47:52.869134+01
5462426,2,2024-10-05,863,268,29:57,1797,44.02%,,2026-06-27 13:47:52.869134+01
5462426,1945,2024-10-12,265,130,27:22,1642,48.17%,,2026-06-27 13:47:52.869134+01
5462426,2907,2024-10-19,159,47,26:50,1610,49.13%,,2026-06-27 13:47:52.869134+01
5462426,162,2024-10-26,609,76,26:37,1597,49.53%,,2026-06-27 13:47:52.869134+01
5462426,294,2024-11-02,603,102,26:37,1597,49.53%,,2026-06-27 13:47:52.869134+01
5462426,302,2024-11-09,620,58,27:17,1637,48.32%,,2026-06-27 13:47:52.869134+01
5462426,3549,2024-11-16,9,46,26:36,1596,49.87%,,2026-06-27 13:47:52.869134+01
5462426,56,2024-11-23,662,57,27:27,1647,48.33%,,2026-06-27 13:47:52.869134+01
5462426,2740,2024-11-30,157,154,26:10,1570,50.70%,,2026-06-27 13:47:52.869134+01
5462426,1868,2024-12-07,228,91,27:22,1642,48.48%,,2026-06-27 13:47:52.869134+01
5462426,3557,2025-01-11,11,606,27:00,1620,49.14%,,2026-06-27 13:47:52.869134+01
5462426,882,2025-01-18,495,166,25:39,1539,51.72%,,2026-06-27 13:47:52.869134+01
5462426,2314,2025-01-25,217,26,26:27,1587,50.16%,,2026-06-27 13:47:52.869134+01
5462426,2029,2025-02-01,246,133,26:36,1596,49.87%,,2026-06-27 13:47:52.869134+01
5462426,3481,2025-02-08,29,59,29:28,1768,45.02%,,2026-06-27 13:47:52.869134+01
5462426,133,2025-02-15,620,197,26:42,1602,49.69%,,2026-06-27 13:47:52.869134+01
5462426,2259,2025-02-22,231,52,28:55,1735,45.88%,,2026-06-27 13:47:52.869134+01
5462426,2886,2025-03-01,186,133,26:01,1561,50.99%,,2026-06-27 13:47:52.869134+01
5462426,3590,2025-03-08,12,55,26:07,1567,50.80%,,2026-06-27 13:47:52.869134+01
5462426,72,2025-03-15,633,168,26:36,1596,49.87%,,2026-06-27 13:47:52.869134+01
5462426,620,2025-03-22,515,83,24:32,1472,54.08%,,2026-06-27 13:47:52.869134+01
5462426,107,2025-03-29,356,47,25:09,1509,52.75%,,2026-06-27 13:47:52.869134+01
5462426,48,2025-04-05,432,49,25:08,1508,52.79%,PB,2026-06-27 13:47:52.869134+01
5462426,2170,2025-04-12,205,28,27:42,1662,47.89%,,2026-06-27 13:47:52.869134+01
5462426,2170,2025-04-19,206,31,26:52,1612,49.38%,PB,2026-06-27 13:47:52.869134+01
5462426,1819,2025-04-26,313,87,26:07,1567,50.80%,,2026-06-27 13:47:52.869134+01
5462426,52,2025-05-03,635,185,24:30,1470,54.15%,,2026-06-27 13:47:52.869134+01
5462426,191,2025-05-10,625,254,26:01,1561,50.99%,PB,2026-06-27 13:47:52.869134+01
5462426,204,2025-05-17,341,22,25:41,1541,51.65%,,2026-06-27 13:47:52.869134+01
5462426,2204,2025-05-24,258,34,26:28,1588,50.13%,,2026-06-27 13:47:52.869134+01
5462426,1139,2025-05-31,469,40,32:07,1927,41.31%,,2026-06-27 13:47:52.869134+01
5462426,2995,2025-06-14,160,619,32:32,1952,40.78%,,2026-06-27 13:47:52.869134+01
5462426,3154,2025-06-21,137,62,28:26,1706,46.66%,,2026-06-27 13:47:52.869134+01
5462426,1152,2025-06-28,479,230,26:53,1613,49.35%,,2026-06-27 13:47:52.869134+01
5462426,1267,2025-07-05,452,38,26:41,1601,49.72%,,2026-06-27 13:47:52.869134+01
5462426,3,2025-07-12,878,142,27:38,1658,48.01%,,2026-06-27 13:47:52.869134+01
5462426,1300,2025-07-19,300,32,27:24,1644,48.42%,,2026-06-27 13:47:52.869134+01
5462426,2182,2025-07-26,268,168,28:36,1716,46.39%,,2026-06-27 13:47:52.869134+01
5462426,3614,2025-08-02,28,34,26:08,1568,50.77%,,2026-06-27 13:47:52.869134+01
5462426,3163,2025-08-16,151,91,26:32,1592,50.00%,PB,2026-06-27 13:47:52.869134+01
5462426,51,2025-08-23,720,232,25:52,1552,51.29%,,2026-06-27 13:47:52.869134+01
5462426,3163,2025-08-30,153,74,24:56,1496,53.21%,PB,2026-06-27 13:47:52.869134+01
5462426,3163,2025-09-06,154,70,24:40,1480,53.78%,PB,2026-06-27 13:47:52.869134+01
5462426,3163,2025-09-13,155,56,23:56,1436,55.43%,PB,2026-06-27 13:47:52.869134+01
5462426,3163,2025-09-20,156,59,23:27,1407,56.57%,PB,2026-06-27 13:47:52.869134+01
5462426,254,2025-09-27,684,28,24:34,1474,54.00%,PB,2026-06-27 13:47:52.869134+01
5462426,3163,2025-10-04,158,65,23:42,1422,55.98%,,2026-06-27 13:47:52.869134+01
5462426,451,2025-10-11,566,11,24:57,1497,53.17%,,2026-06-27 13:47:52.869134+01
5462426,3163,2025-10-18,160,48,22:59,1379,57.72%,PB,2026-06-27 13:47:52.869134+01
5462426,1018,2025-11-01,520,36,23:48,1428,55.74%,,2026-06-27 13:47:52.869134+01
5462426,2928,2025-11-08,193,21,23:54,1434,55.51%,,2026-06-27 13:47:52.869134+01
5462426,125,2025-11-15,385,69,22:25,1345,59.55%,,2026-06-27 13:47:52.869134+01
5462426,3163,2025-11-22,165,59,24:03,1443,55.51%,,2026-06-27 13:47:52.869134+01
5462426,3163,2025-11-29,166,51,24:18,1458,54.94%,,2026-06-27 13:47:52.869134+01
5462426,1245,2025-12-06,478,13,24:25,1465,54.68%,,2026-06-27 13:47:52.869134+01
5462426,1422,2025-12-13,428,27,24:26,1466,54.64%,,2026-06-27 13:47:52.869134+01
5462426,961,2025-12-20,496,41,24:55,1495,53.58%,,2026-06-27 13:47:52.869134+01
5462426,1001,2025-12-25,498,90,23:42,1422,56.33%,,2026-06-27 13:47:52.869134+01
5462426,3804,2025-12-27,5,132,30:06,1806,44.35%,,2026-06-27 13:47:52.869134+01
5462426,191,2026-01-01,659,103,24:37,1477,54.23%,PB,2026-06-27 13:47:52.869134+01
5462426,654,2026-01-03,477,31,24:29,1469,54.53%,,2026-06-27 13:47:52.869134+01
5462426,22,2026-01-10,799,62,22:57,1377,58.17%,,2026-06-27 13:47:52.869134+01
5462426,2993,2026-01-17,204,215,24:32,1472,54.42%,,2026-06-27 13:47:52.869134+01
5462426,1031,2026-01-24,521,75,25:16,1516,52.84%,,2026-06-27 13:47:52.869134+01
5462426,3801,2026-01-31,8,246,25:55,1555,51.51%,,2026-06-27 13:47:52.869134+01
5462426,2053,2026-02-07,301,1,23:18,1398,57.30%,,2026-06-27 13:47:52.869134+01
5462426,2168,2026-02-14,292,7,25:42,1542,51.95%,,2026-06-27 13:47:52.869134+01
5462426,1874,2026-02-21,317,7,25:44,1544,51.88%,,2026-06-27 13:47:52.869134+01
5462426,2073,2026-02-28,299,30,24:31,1471,54.45%,,2026-06-27 13:47:52.869134+01
5462426,3163,2026-03-07,182,99,26:02,1562,51.28%,,2026-06-27 13:47:52.869134+01
5462426,4,2026-03-14,906,399,31:51,1911,41.92%,,2026-06-27 13:47:52.869134+01
5462426,3600,2026-03-21,56,8,23:44,1424,56.25%,,2026-06-27 13:47:52.869134+01
5462426,95,2026-03-28,672,160,27:14,1634,49.02%,,2026-06-27 13:47:52.869134+01
5462426,2323,2026-04-04,296,23,25:06,1506,53.19%,,2026-06-27 13:47:52.869134+01
5462426,2179,2026-04-11,247,28,21:17,1277,62.73%,,2026-06-27 13:47:52.869134+01
5462426,3830,2026-04-18,13,26,23:56,1436,55.78%,,2026-06-27 13:47:52.869134+01
5462426,3163,2026-04-25,189,95,25:52,1552,51.61%,,2026-06-27 13:47:52.869134+01
5462426,3163,2026-05-02,190,118,27:24,1644,48.72%,,2026-06-27 13:47:52.869134+01
5462426,3753,2026-05-09,31,53,24:37,1477,54.23%,,2026-06-27 13:47:52.869134+01
5462426,3691,2026-05-16,49,28,23:47,1427,56.13%,,2026-06-27 13:47:52.869134+01
5462426,2522,2026-05-23,270,57,24:50,1490,53.76%,,2026-06-27 13:47:52.869134+01
5462426,2253,2026-05-30,305,47,23:51,1431,55.97%,,2026-06-27 13:47:52.869134+01
5462426,3163,2026-06-06,195,80,26:14,1574,50.89%,,2026-06-27 13:47:52.869134+01
5462426,3163,2026-06-13,196,120,27:38,1658,48.31%,,2026-06-27 13:47:52.869134+01
5462426,3163,2026-06-20,197,170,28:56,1736,46.14%,,2026-06-27 13:47:52.869134+01
5462426,3490,2026-06-27,105,72,26:32,1592,50.31%,,2026-06-27 13:47:52.869134+01
